ID,Severity,Area,Title,Evidence,Impact,Recommendation,Confidence,Status,Remediation,Verification
QA-001,حرج,الجودة والإصدار,بوابة الجودة الشاملة مكسورة فعلياً,تشغيل `npm run check:all` فشل داخل `tools/check.mjs` لأن `walk()` يفحص كل HTML في المستودع، بما فيه `docs/repair/BAWSALA_REPAIR_REPORT_AR.html` (`tools/check.mjs:11-27`). الدليل: `/mnt/data/bawsala-check-all.log`.,لا توجد حالة إصدار خضراء قابلة للتكرار؛ أي ادعاء جاهزية إنتاجية غير صالح.,اقصر فحص صفحات المنتج على `index.html` و`pages/*.html` أو استبعد `docs/` صراحة، ثم اجعل `check:all` إلزامياً قبل الدمج.,مؤكد,مصحح ومختبر,أُصلح نطاق check.mjs، وأصبحت بوابة check:all تعمل على ملفات المنتج فقط بدل إدخال تقارير الإصلاح ضمن صفحات الإنتاج.,npm run check:all + .github/workflows/ci.yml
QA-002,حرج,الجودة والإصدار,تقرير التحقق الداخلي يقدم نتيجة غير صحيحة,`docs/repair/validation-summary.json` يسجل `check_all: passed` في نفس النسخة التي يفشل فيها الأمر فعلياً.,يفسد الثقة في أدلة الإصدار ويجعل قرار GO/NO-GO مبنياً على بيانات غير موثوقة.,ولّد تقرير التحقق آلياً من نتائج CI الموقعة، وامنع تحرير الحالة يدوياً.,مؤكد,مصحح ومختبر,استُبدلت نتيجة التحقق الثابتة بملخص دورة تشغيل يولده precheck/postcheck، وحُظر ادعاء جاهزية رقمي غير ناتج عن الاختبارات.,npm run check:all + .github/workflows/ci.yml
QA-003,عالٍ,الجودة والإصدار,مسار CI الأساسي محكوم عليه بالفشل,`.github/workflows/ci.yml:31-34` يشغّل `npm run check`، والفحص الحالي يلتقط HTML داخلياً غير مخصص للإنتاج.,كل طلب دمج سيفشل أو سيجري تجاوز CI، وكلاهما سيئ.,أصلح نطاق الفحص وأضف اختباراً يثبت أن قائمة ملفات HTML المقصودة ثابتة وصحيحة.,مؤكد,مصحح ومختبر,أعيد بناء CI إلى وظائف مستقلة للوحدات والمتصفح والتكامل والأمن والتغطية والحاوية.,npm run check:all + .github/workflows/ci.yml
QA-004,عالٍ,الاختبارات,اختبار المتصفح لا يختبر التطبيق الحقيقي عبر الخادم,"`tools/frontend-functional-runtime.mjs:29,62-97` يفتح `about:blank`، يحقن HTML بـ`document.write` ويشغّل السكربتات يدوياً.",يفوّت أخطاء المسارات، الرؤوس، التحويلات، ملفات الارتباط، التخزين المؤقت، وتكامل الخادم/الواجهة.,أضف اختبارات E2E على خادم فعلي بعنوان HTTP محلي باستخدام Playwright/Chromium، مع حسابات اختبار وقاعدة بيانات مؤقتة.,مؤكد,مصحح ومختبر,أضيف http-browser-e2e.mjs لتشغيل خادم حقيقي ثم فتح الصفحات عبر Chromium وتنفيذ signup وحساب مصادق.,npm run check:all + .github/workflows/ci.yml
QA-005,عالٍ,الاختبارات,اختبار المتصفح يستبدل البيئة الحساسة بمحاكيات,`tools/frontend-functional-runtime.mjs:35-59` يستبدل localStorage وsessionStorage وcookies وserviceWorker وfetch بالكامل.,الاختبار قد ينجح بينما SameSite/Secure/HttpOnly وCSRF والشبكة وService Worker معطلة في الواقع.,افصل اختبارات وحدات DOM المحاكية عن E2E حقيقي، ولا تسمّ المحاكي اختبار تشغيل إنتاجي.,مؤكد,مخفف — بقي قيد معروف,بقي اختبار DOM المعزول بمحاكياته لأنه مفيد كوحدة، لكن لم يعد الدليل الوحيد؛ أضيف مسار E2E بخادم وواجهات API حقيقية.,npm run check:all + .github/workflows/ci.yml
QA-006,عالٍ,الاختبارات والأمن,اختبار الواجهة يزيل CSP قبل التشغيل,`tools/frontend-functional-runtime.mjs:90-96` يحذف Meta CSP ثم يحقن السكربتات.,أي مخالفة CSP أو اعتماد على تنفيذ محظور لن يظهر في الاختبار.,اختبر نسخة served مع CSP الفعلي من الخادم، وأضف اختباراً يفشل عند وجود CSP violation.,مؤكد,مخفف — بقي قيد معروف,الاختبار المعزول ما زال يزيل CSP لحقن الملفات، لكن مسار E2E الجديد لا يزيل CSP ويتحقق من ترويسة CSP الفعلية.,npm run check:all + .github/workflows/ci.yml
QA-007,متوسط,الاختبارات,عدد كبير من اختبارات الجاهزية يعتمد على مؤشرات نصية,عدة أدوات مثل `release-check.mjs` و`check.mjs` تتحقق من وجود كلمات/markers وأحجام وعدد ملفات، لا من سلوك المستخدم أو صحة الحالات.,تعطي تغطية شكلية ورسائل OK كثيرة من دون ثقة سلوكية مكافئة.,حوّل المتطلبات الحرجة إلى اختبارات عقد API، اختبارات حالات، واختبارات E2E مع assertions على النتائج والديمومة.,مؤكد,مخفف — بقي قيد معروف,أضيفت اختبارات سلوكية للخادم والفوترة وMFA والتقويم والاستعادة وChromium؛ ما زالت بعض اختبارات الجاهزية النصية موجودة كحواجز إضافية لا كدليل وحيد.,npm run check:all + .github/workflows/ci.yml
QA-008,عالٍ,الأداء والاختبارات,ميزانية الأداء لكل ملف لا لكل مسار,`tools/performance-budget.mjs:7-41` يطبق 64KB gzip على كل ملف منفرد؛ كل صفحة تحمل حزمتين مشتركتين مجموعهما قرابة 78.5KB gzip قبل كود الصفحة.,يمكن تجاوز الميزانية ببساطة عبر تقسيم الحمل إلى ملفات متعددة، رغم أن المستخدم يدفع الكلفة كاملة.,احسب waterfall لكل صفحة: HTML+CSS+JS المطلوبة للمسار، وحدد budgets لـLCP/INP/CLS وحجم JS المنفذ.,مؤكد,مصحح ومختبر,ميزانية الأداء أصبحت لكل مسار وتشمل HTML والأصول المحلية المباشرة واعتماديات CSS.,npm run check:all + .github/workflows/ci.yml
QA-009,متوسط,الأداء والاختبارات,مقياس totalTransfer لا يمثل أي زيارة فعلية,الأداة تجمع كل الملفات القابلة للنشر مرة واحدة (`performance-budget.mjs:13-41`) بدل حمولة صفحة أو رحلة مستخدم.,الرقم لا يجيب: كم يحمل المستخدم عند فتح صفحة محددة؟,أنشئ manifest تبعيات لكل route وقس cold/warm cache لكل مسار حرج.,مؤكد,مصحح ومختبر,يُحسب الآن payload زيارة كل مسار، ويُعرض أثقل مسار فعلي بجانب الحجم الكلي للمستودع المنشور.,npm run check:all + .github/workflows/ci.yml
QA-010,متوسط,الاختبارات,لا توجد قياسات تغطية للكود والفروع,لا يوجد إعداد coverage في `package.json` أو CI.,الأجزاء غير المختبرة لا يمكن تمييزها عن المختبرة، خصوصاً `server.js` الضخم.,اعتمد coverage للفروع والدوال، واربط الحد الأدنى بالمسارات الحرجة لا بنسبة عامة فقط.,مؤكد,مصحح ومختبر,أضيفت بوابة V8 دقيقة نسبياً للمدى المنفذ: 43.6% إجمالي، 38.2% للخادم، 56.5% لوحدات lib.,npm run check:all + .github/workflows/ci.yml
QA-011,متوسط,سلسلة التوريد,CI يفتقد فحوص SAST وSBOM وcontainer scan وprovenance,Workflow الحالي يبني ويشغل اختبارات فقط؛ لا CodeQL/SAST، لا secret scan رسمي، لا SBOM، لا فحص صورة، ولا توقيع/attestation.,ثغرات الكود والصورة وسلسلة التوريد قد تمر رغم نجاح الاختبارات.,أضف CodeQL أو SAST مكافئاً، Gitleaks، Trivy/Grype، CycloneDX/SPDX، وSLSA provenance.,مؤكد,مصحح ومختبر,أضيف CodeQL، Gitleaks، npm audit، CycloneDX SBOM، فحص صورة Anchore، وتشهد provenance.,npm run check:all + .github/workflows/ci.yml
QA-012,متوسط,سلسلة التوريد,GitHub Actions مثبتة على tags متحركة,`.github/workflows/ci.yml` يستخدم `actions/checkout@v4` و`actions/setup-node@v4`.,التنفيذ ليس قابلاً لإعادة الإنتاج تماماً، وtag يمكن أن يتغير.,ثبّت كل Action على commit SHA موثوق مع تحديث آلي مراقب.,مؤكد,مصحح ومختبر,ثُبتت جميع GitHub Actions ببصمات commit SHA مع Dependabot للتحديثات.,npm run check:all + .github/workflows/ci.yml
QA-013,عالٍ,النشر والاختبارات,CI يبني الحاوية ولا يشغلها أو يتحقق من healthcheck,`.github/workflows/ci.yml:66-72` ينفذ `docker build` فقط.,سمح بخروج صورة تبنى بنجاح لكنها تصبح Unhealthy عند التشغيل.,شغّل الصورة في CI بإعداد إنتاجي مصغر، انتظر health status، واختبر live/ready عبر Host مسموح.,مؤكد,مصحح ومختبر,وظيفة الحاوية تبني الصورة، تشغلها بإعداد إنتاج، تنتظر Docker HEALTHCHECK، تفحص liveness ثم تفحص الثغرات.,npm run check:all + .github/workflows/ci.yml
QA-014,متوسط,التكاملات,لا توجد اختبارات staging حقيقية للمزودات الخارجية,اختبارات البريد/الدفع/Google تعتمد mocks أو إعدادات fake، ولا توجد أدلة contract tests حقيقية في بيئة staging.,أخطاء schema/permissions/webhook/provider لن تظهر قبل الإطلاق.,أضف بيئة staging منفصلة ومفاتيح اختبار، واختبارات contract دورية مع Stripe/Google/mail provider.,مؤكد,غير مغلق — يتطلب إعادة معمارية/قرار خارجي,لا يمكن اختبار Stripe/Google/SMTP/backup vault الحقيقي من دون حسابات staging ومفاتيح وبيئة خارجية. أضيفت mocks خادمية وعقود صارمة، لكن اختبار staging يبقى عملاً تشغيلياً خارج المستودع.,npm run check:all + .github/workflows/ci.yml
DEP-001,حرج,Docker والنشر,Docker HEALTHCHECK يفشل في إعداد الإنتاج الموثق,`Dockerfile:16-17` يطلب `127.0.0.1`، بينما Host allowlist يرفضه. اختبار فعلي أعاد 421 لـ127.0.0.1 و200 للـHost المسموح. الدليل: `/mnt/data/bawsala-prod-health-results.txt`.,الحاوية تُعلّم Unhealthy وقد يعيد orchestrator تشغيلها أو يوقف التوجيه إليها رغم أن الخدمة تعمل.,اجعل healthcheck يرسل Host مسموحاً، أو خصص endpoint loopback داخلياً قبل فحص Host/HTTPS، ثم اختبره داخل الصورة.,مؤكد,مصحح ومختبر,مسار /api/health/live صار متاحاً للـloopback قبل رفض Host/HTTPS، وCI يشغل الحاوية ويتحقق من health status.,npm run check:all + .github/workflows/ci.yml
DEP-002,متوسط,Docker والنشر,صورة Docker تنسخ المستودع كاملاً,`Dockerfile:11` ينفذ `COPY . .` و`.dockerignore` لا يستبعد `docs/` و`tools/` والمصادر غير اللازمة.,صورة أكبر، سطح معلومات أوسع، وإمكانية تسريب تقارير/أدوات داخل runtime.,استخدم multi-stage build وانسخ فقط server/lib/config/assets/dist/pages والملفات المطلوبة فعلاً.,مؤكد,مصحح ومختبر,Dockerfile متعدد المراحل وينسخ ملفات التشغيل المحددة فقط، مع .dockerignore أضيق.,npm run check:all + .github/workflows/ci.yml
DEP-003,متوسط,Docker والنشر,صورة الأساس غير مثبتة بـdigest,`FROM node:22-bookworm-slim` في `Dockerfile:1`.,نفس commit قد ينتج صورة مختلفة لاحقاً، مع مخاطر supply chain.,ثبّت digest، وجدوله للتحديث بعد فحص أمني.,مؤكد,مصحح ومختبر,ثُبتت صورة node:22-bookworm-slim على multi-platform index digest موثق.,npm run check:all + .github/workflows/ci.yml
DEP-004,عالٍ,القابلية للتوسع,الإنتاج يفرض نسخة واحدة فقط,`server.js:491` يرفض `BAWSALA_INSTANCE_COUNT != 1`، والتخزين مصمم single-writer.,لا يوجد horizontal scaling أو rolling deployment آمن متعدد النسخ؛ نقطة فشل واحدة.,افصل الحالة في قاعدة بيانات مشتركة، والـjobs في worker منفصل، واستخدم locking موزعاً.,مؤكد,غير مغلق — يتطلب إعادة معمارية/قرار خارجي,التطبيق ما زال يفرض نسخة واحدة لأن الجلسات والمهام والحالة ليست موزعة. إغلاقه يحتاج PostgreSQL/Redis/queue وهجرة تشغيلية، لا patch آمن داخل هذه النسخة.,npm run check:all + .github/workflows/ci.yml
DEP-005,عالٍ,التشغيل,مهام البريد والتنظيف والنسخ تعمل داخل web process,`server.js:4634-4638` يشغّل jobs دورية داخل نفس العملية التي تخدم HTTP.,إعادة النشر/التعطل تؤخر أو تكرر jobs، والضغط على job يؤثر على الطلبات.,انقلها إلى worker/queue مستقلة مع leases وretry policies ومراقبة.,مؤكد,مخفف — بقي قيد معروف,أضيفت leases واسترجاع jobs العالقة وdead-letter، لكن البريد والتنظيف والتذكيرات والنسخ ما زالت timers داخل web process.,npm run check:all + .github/workflows/ci.yml
DEP-006,متوسط,التشغيل,نسخة احتياطية عند كل بدء تشغيل دون شرط فعلي,"`server.js:4634` يستدعي `runScheduledBackup(""startup"")` دائماً؛ في بيئة بلا مفتاح يولد فشلاً تشغيلياً متوقعاً.",ضوضاء إنذارات وسجلات وقد تخفي فشلاً حقيقياً.,شغّل backup startup فقط عند اكتمال الإعداد، وافصل missing-config عن runtime failure.,مؤكد,مصحح ومختبر,النسخ عند الإقلاع معطلة افتراضياً ولا تعمل إلا عند BAWSALA_BACKUP_ON_STARTUP=true؛ الجدولة المنفصلة تبقى متاحة.,npm run check:all + .github/workflows/ci.yml
BE-001,عالٍ,معمارية Backend,"`server.js` God Object بحجم 4,647 سطراً",الملف يجمع HTTP routing، auth، sessions، billing، mail، Calendar، OAuth، backups، admin، metrics وstatic serving.,تداخل المسؤوليات يضاعف خطر regressions ويجعل الاختبار والمراجعة الأمنية أصعب.,قسّمه إلى modules/domain services/routes/repositories/workers بعقود واضحة.,مؤكد,مخفف — بقي قيد معروف,أُخرجت وحدات للمنطقة الزمنية والعقود والشبكة والتخزين، لكن server.js ما زال نحو 5000 سطر. تفكيكه الكامل يحتاج إعادة هيكلة متعددة المراحل.,Static/integration gates; architectural items require production migration tests
BE-002,متوسط,معمارية Frontend,`workspace.js` Controller ضخم بحجم 924 سطراً,ملف واحد يدير عدة أدوات ومسارات وحالات DOM وتخزين.,صيانة صعبة، coupling مرتفع، وتحميل كود كبير حتى لمسار فرعي واحد.,قسّمه حسب feature مع lazy loading وحالة مشتركة محدودة.,مؤكد,مخفف — بقي قيد معروف,أضيفت خدمات مشتركة وتحسينات، لكن workspace.js ما زال controller كبيراً ولم يُفكك إلى وحدات ميزات مستقلة.,Static/integration gates; architectural items require production migration tests
BE-003,عالٍ,التخزين,حالة عالمية mutable محملة كاملة في الذاكرة,`server.js` يدير كائن `db` عالمي؛ كل المجالات تعدله مباشرة ثم تحفظه.,سباقات منطقية، صعوبة عزل المعاملات، واستهلاك ذاكرة يتزايد مع البيانات.,استخدم repositories واستعلامات/transactions محددة بدلاً من تعديل state graph كامل.,مؤكد,مخفف — بقي قيد معروف,التخزين صار أكثر تحققاً وعمليات الاستعادة ذرية، لكن كائن الحالة العالمي داخل العملية ما زال قائماً.,Static/integration gates; architectural items require production migration tests
BE-004,عالٍ,الأداء Backend,SQLite متزامن يحجب event loop,`lib/state-store.js:192` يستخدم `DatabaseSync`، و`persistNow()` ينفذ الحفظ داخل مسار Node الرئيسي (`server.js:237-258`).,حفظ كبير أو checkpoint يمكن أن يرفع latency ويوقف جميع الطلبات.,استخدم driver غير متزامن أو worker thread/عملية DB، وقس event-loop lag تحت حمل.,مؤكد,غير مغلق — يتطلب إعادة معمارية/قرار خارجي,DatabaseSync المتزامن ما زال قادراً على حجب event loop تحت الحمل. الحل الحقيقي worker threads أو driver async/قاعدة خارجية.,Static/integration gates; architectural items require production migration tests
BE-005,عالٍ,الأداء Backend,كل حفظ يطبع ويقارن الحالة الواسعة,طبقة الحفظ تطبع normalized state وتقارن قيماً بـJSON قبل مزامنة الجداول، بدلاً من عمليات domain محددة.,كلفة CPU تتزايد مع حجم المستخدمين والسجلات حتى عند تعديل صغير.,اكتب تغييرات delta داخل transaction لكل use case، لا diff للحالة كلها.,مؤكد,مخفف — بقي قيد معروف,قلّ خطر الكتابات الخاطئة عبر transactions وCAS والتحقق، لكن مسار حفظ الحالة الواسع لم يُلغ بالكامل.,Static/integration gates; architectural items require production migration tests
BE-006,عالٍ,التخزين والسجلات,قنوات السجل تعاد كتابتها كاملة عند أي تغيير,`lib/state-store.js:444-449` يحذف channel ثم يعيد إدخال كل audit/security/payment entries.,write amplification، locks أطول، وتدهور حاد مع كثرة الأحداث.,اجعل الجداول append-only، واحذف القديم بسياسة retention مستقلة.,مؤكد,مخفف — بقي قيد معروف,أصبحت أحداث الأمن JSONL وبعض العمليات incremental، لكن قنوات حالة أخرى ما زالت قابلة لإعادة كتابة واسعة.,Static/integration gates; architectural items require production migration tests
BE-007,متوسط,التدقيق والأمن,سجلات مهمة محدودة بعدد صغير داخل الحالة,"audit يقص إلى 500 (`server.js:260-263`)، security إلى 300 (`server.js:120,401`)، payment إلى 500 (`server.js:3775-3776`).",تفقد تاريخاً مهماً للتحقيق والإثبات، كما تضعف idempotency للدفع.,خزن سجلات append-only بمدة احتفاظ واضحة وأرشفة خارجية؛ لا تستخدم ring buffer كدليل رسمي.,مؤكد,غير مغلق — يتطلب إعادة معمارية/قرار خارجي,حدود الاحتفاظ أصبحت أوضح لبعض الطوابير والسجلات، لكن بعض السجلات داخل الحالة ما زالت bounded arrays وليست مخزن أحداث مستقل.,Static/integration gates; architectural items require production migration tests
BE-008,متوسط,الرصد,المقاييس داخل الذاكرة وتبدأ من الصفر بعد restart,`runtimeMetrics` process-local؛ endpoint OpenMetrics يصدّر لقطة العملية الحالية فقط.,اللوحات قد تبدو سليمة بعد restart وتفقد الاتجاهات/SLO الحقيقي.,أرسل metrics إلى Prometheus/OTel خارج العملية مع counters مستمرة زمنياً.,مؤكد,غير مغلق — يتطلب إعادة معمارية/قرار خارجي,المقاييس ما زالت process-local وتُصفّر عند restart. يلزم Prometheus/OTel backend خارجي لإغلاق البند.,Static/integration gates; architectural items require production migration tests
BE-009,عالٍ,الرصد والقرارات,درجة Production Pulse مقياس مخصص يوحي بثقة زائفة,`server.js:2555-2585` يجمع أوزاناً داخلية ويعتبر `100-errorRate` availability.,الـscore ليس SLO ولا availability زمنية؛ قد يعطي healthy لخدمة غير سليمة وظيفياً.,اعرض إشارات خام وSLOs معرفة مسبقاً من قياس خارجي، واحذف الدرجة التسويقية من قرار الإطلاق.,مؤكد,مخفف — بقي قيد معروف,أزيل ادعاء الجاهزية الرقمي من بوابات الإصدار ووُصف النبض كإشارة تشغيل داخلية، لكن لوحة الإدارة ما زالت تعرض score مخصصاً.,Static/integration gates; architectural items require production migration tests
BE-010,متوسط,الرصد,وجود catches صامتة في مسارات التخزين والواجهة,توجد حالات `catch(_){/* ignore */}` وابتلاع أخطاء، منها استعادة البيانات (`backend-client.js:234-241`).,الأخطاء الجزئية تتحول إلى نجاح ظاهري بلا trace أو رسالة للمستخدم.,لا تبتلع الأخطاء التي تمس البيانات؛ سجّل structured error وأرجع نتيجة جزئية صريحة.,مؤكد,مخفف — بقي قيد معروف,أزيلت catches صامتة من المسارات الحرجة وأصبحت أخطاء التخزين والمزامنة مرئية؛ بقيت catches مقصودة لأعمال best-effort والواجهة.,Static/integration gates; architectural items require production migration tests
SEC-001,عالٍ,أمن الحسابات,لا توجد MFA/WebAuthn للحسابات الإدارية,لم يوجد تنفيذ TOTP/WebAuthn/2FA في auth أو صفحات الإدارة.,سرقة كلمة مرور/جلسة admin تعطي سيطرة كاملة على المستخدمين والإعدادات.,أضف WebAuthn أو TOTP إلزامياً للأدوار الحساسة مع step-up auth للإجراءات الخطرة.,مؤكد,مصحح ومختبر,أضيف TOTP للإدارة مع سر مشفر ورموز استرداد أحادية الاستخدام، وتُحجب مسارات admin حتى تفعيل MFA.,tools/security-unit-tests.mjs + tools/security-regression.mjs + tools/production-hardening-tests.mjs
SEC-002,متوسط,أمن الجلسات,ربط الجلسة بالبصمة معطل افتراضياً,`server.js:110` يجعل `STRICT_SESSION_BINDING` false افتراضياً؛ mismatch يسجل فقط (`server.js:961-968`).,سرقة cookie لا تُحبط بالبصمة، رغم وجود آلية توحي بالعكس.,اعتمد risk-based session protection وstep-up؛ لا تعتمد IP fingerprint وحدها بسبب التنقل والشبكات.,مؤكد,مخفف — بقي قيد معروف,بصمة جلسة المدير صارمة دائماً. ربط جلسات الطلاب العامة يبقى اختيارياً لتجنب كسر الأجهزة المتغيرة، لذلك الخطر خُفف ولم يُلغ كلياً.,tools/security-unit-tests.mjs + tools/security-regression.mjs + tools/production-hardening-tests.mjs
SEC-003,عالٍ,SSRF,فحص DNS عرضة لـDNS rebinding/TOCTOU,`assertSafeOutboundUrl` يحل DNS ثم `https.request(url)` يحله مرة ثانية (`server.js:276-299`).,مضيف يغير DNS بين الفحص والاتصال قد يحول الطلب إلى عنوان خاص.,ثبّت عنوان IP الذي تم التحقق منه عبر custom lookup/agent مع TLS servername والتحقق من كل redirect.,مؤكد,مصحح ومختبر,اتصال HTTP/TLS يستخدم عنوان IP نفسه الذي اجتاز DNS/private-range validation، فأُغلق TOCTOU/DNS rebinding.,tools/security-unit-tests.mjs + tools/security-regression.mjs + tools/production-hardening-tests.mjs
SEC-004,متوسط,XSS,سطح DOM XSS واسع جداً,الفحص وجد 123 استخداماً لـinnerHTML/insertAdjacentHTML في المصدر. معظم البيانات مهربة، لكن كثرة sinks ترفع احتمال تفويت واحد.,أي خطأ escaping يصبح stored-XSS خصوصاً مع بيانات localStorage المتعددة.,استخدم DOM APIs/textContent أو templating آمن، وTrusted Types، وراجع كل sink بالـtaint source.,مؤكد,مخفف — بقي قيد معروف,عولجت نقاط حساسة وأضيفت اختبارات escaping وDOM-only في auth-status، لكن استخدام innerHTML الواسع ما زال ديناً أمنياً.,tools/security-unit-tests.mjs + tools/security-regression.mjs + tools/production-hardening-tests.mjs
SEC-005,متوسط,XSS,escape في auth-status يفشل بوضع fail-open,`assets/js/auth-status.js:3` يعيد النص الخام إذا لم يحمل `MT_SECURITY`، ثم يضع اسم المستخدم داخل `innerHTML` (`:15`).,خلل ترتيب/تحميل bundle يحول اسم المستخدم إلى HTML غير مهرب.,اجعل fallback escape داخلياً آمناً أو استخدم textContent وعناصر DOM.,مؤكد,مصحح ومختبر,auth-status صار يبني DOM بـtextContent ولا يملك مسار escape fail-open.,tools/security-unit-tests.mjs + tools/security-regression.mjs + tools/production-hardening-tests.mjs
SEC-006,منخفض,XSS,رابط إعادة التعيين التطويري يدخل raw HTML,`assets/js/auth.js:95` يضع `reset.devResetUrl` مباشرة في href/innerHTML.,المصدر خادمي وتطويري، لذلك الاستغلال المباشر منخفض، لكنه نمط غير آمن.,أنشئ عنصر `<a>` واضبط `href` بعد allowlist للبروتوكول/origin.,مؤكد,مصحح ومختبر,رابط إعادة التعيين التطويري يُنشأ بعناصر DOM وURL من نفس origin بدلاً من raw HTML.,tools/security-unit-tests.mjs + tools/security-regression.mjs + tools/production-hardening-tests.mjs
SEC-007,متوسط,التحقق من المدخلات,اسم `cleanText` مضلل وليس sanitizer HTML,`server.js:663-670` يعالج `<script` وschemes فقط ولا يهرب بقية HTML.,مطوّر لاحق قد يستخدمه في HTML معتقداً أنه يمنع XSS.,سمّه `normalizePlainText`، ولا تعرضه كحماية XSS؛ طبق escaping حسب السياق عند العرض.,مؤكد,مخفف — بقي قيد معروف,لم يعد cleanText يُعامل كـHTML sanitizer في المسارات الحساسة، لكن الاسم والدالة العامة ما زالا موجودين ويجب استبدالهما بعقود سياقية عند التفكيك.,tools/security-unit-tests.mjs + tools/security-regression.mjs + tools/production-hardening-tests.mjs
CAL-001,حرج,التقويم,الوقت المحلي يفسر كأنه UTC,"`deriveStartTime()` يضيف `Z` مباشرة إلى date/time (`server.js:1523-1528`) رغم أن الواجهة ترسل timezone `Asia/Amman` (`assets/js/calendar.js:161,208`).",موعد 09:00 محلياً يصبح instant مختلفاً؛ التذكيرات والمزامنة قد تنزاح ساعات أو يوماً.,حوّل wall time داخل IANA timezone إلى instant حقيقي بمكتبة زمنية موثوقة، وخزن instant+timezone.,مؤكد,مصحح ومختبر,أضيف تحويل wall-time ↔ instant باستخدام IANA timezone بدلاً من تفسير الوقت المحلي كـUTC.,tools/timezone-tests.mjs + tools/server-smoke.mjs
CAL-002,عالٍ,Google Calendar,إرسال Google يجمع ISO UTC مع timeZone بشكل متناقض,`googleEventPayload` يرسل `dateTime` من ISO المشتق خطأ و`timeZone` منفصلاً (`server.js:2818-2825`).,Google قد يعرض وقتاً مختلفاً عن الذي أدخله الطالب.,أرسل RFC3339 instant الصحيح، أو local dateTime بدون offset وفق عقد Google، بعد تحويل مضبوط.,مؤكد,مصحح ومختبر,Google export يرسل dateTime instant صحيحاً مع timeZone متسق.,tools/timezone-tests.mjs + tools/server-smoke.mjs
CAL-003,عالٍ,Google Calendar,سحب Google يقتطع التاريخ والوقت من UTC string,"`localEventFromGoogle` يستخدم `startTime.slice(0,10)` و`slice(11,16)` (`server.js:2829-2844`).",حدث قرب منتصف الليل يمكن أن ينتقل إلى يوم آخر في الواجهة المحلية.,حوّل instant إلى timezone الحدث قبل استخراج date/time.,مؤكد,مصحح ومختبر,Google import يحول instant إلى wall time في المنطقة المحددة بدل اقتطاع ISO UTC.,tools/timezone-tests.mjs + tools/server-smoke.mjs
CAL-004,عالٍ,التقويم,فلاتر المدى مبنية على حدود يوم UTC,`filterCalendarEvents` يبني 00:00Z و23:59:59Z (`server.js:1608-1623`).,نتائج الشهر/اليوم قد تستبعد أو تضم أحداثاً خاطئة حسب المنطقة الزمنية.,ابنِ حدود المدى في timezone المستخدم ثم حوّلها إلى instants.,مؤكد,مصحح ومختبر,فلاتر المدى تستخدم zonedDayBounds لا حدود UTC العمياء.,tools/timezone-tests.mjs + tools/server-smoke.mjs
CAL-005,حرج,التذكيرات,لا يوجد dispatcher مجدول للتذكيرات,الاستدعاء الوحيد المرئي هو POST يدوي `/api/calendar/reminders/dispatch` (`server.js:3643-3647`) وزر في الواجهة (`calendar.js:177-179`).,المستخدم لن يتلقى تذكيراً تلقائياً إلا إذا فتح الصفحة وضغط الزر؛ الميزة الأساسية لا تعمل كما يتوقع.,شغّل scheduler/queue مستقلة دورياً، مع lease، retries، مراقبة، واختبار end-to-end.,مؤكد,مصحح ومختبر,أضيف dispatcher خادمي كل دقيقة للتذكيرات المستحقة.,tools/timezone-tests.mjs + tools/server-smoke.mjs
CAL-006,عالٍ,التذكيرات والأمن المنطقي,الخادم يثق بوقت `now` القادم من العميل,`dispatchCalendarReminders` يقبل `options.now` (`server.js:1739-1748`) والـroute يمرر `body.now`.,عميل يستطيع تقديم وقت مستقبلي وإطلاق كل التذكيرات مبكراً ووضعها sent.,استخدم ساعة الخادم فقط؛ وقت العميل للعرض لا لاتخاذ قرار إرسال.,مؤكد,مصحح ومختبر,الخادم يتجاهل now القادم من العميل ويستخدم ساعة الخادم.,tools/timezone-tests.mjs + tools/server-smoke.mjs
CAL-007,عالٍ,التذكيرات,الأحداث القديمة جداً ما زالت مؤهلة للإرسال,الشرط يرسل أي reminder حان قبل `now` ولا يضع حد lateness أو يتحقق أن الحدث لم ينته (`server.js:1743-1758`).,قد يصل تذكير قديم بعد أيام/أسابيع عند أول تشغيل يدوي.,تجاهل الأحداث المنتهية أو ضع نافذة تأخير قصوى وسياسة missed reminders.,مؤكد,مصحح ومختبر,أضيف حد أقصى للتأخير REMINDER_MAX_LATE لمنع إرسال أحداث قديمة جداً.,tools/timezone-tests.mjs + tools/server-smoke.mjs
CAL-008,عالٍ,التذكيرات,تعديل الموعد لا يعيد تفعيل التذكير,`normalizeCalendarEvent` يحافظ دائماً على `existing.reminderSentAt` (`server.js:1592-1595`).,بعد نقل حدث أو تغيير reminder لن يرسل التذكير الجديد.,صفّر `reminderSentAt` عند تغير start/end/reminder/timezone.,مؤكد,مصحح ومختبر,تعديل موعد/تذكير يعيد reset لحالة الإرسال.,tools/timezone-tests.mjs + tools/server-smoke.mjs
CAL-009,متوسط,التقويم,أحداث Google all-day تفقد دلالتها,الأحداث ذات `start.date` تحول إلى `T00:00:00.000Z` (`server.js:2831-2832`).,قد تتحول من all-day إلى حدث وقتي وتتحرك بالتوقيت المحلي.,خزن نوع all-day منفصلاً واستخدم حقول date لا dateTime عند المزامنة.,مؤكد,مصحح ومختبر,أحداث all-day تحتفظ بـdate/endDate بدلاً من تحويلها إلى وقت مزيف.,tools/timezone-tests.mjs + tools/server-smoke.mjs
CAL-010,متوسط,التقويم,التحقق من timezone شكلي فقط,`cleanTimezone` يفحص regex (`server.js:1512-1514`) ولا يتحقق أن الاسم IANA موجود.,قيمة تركيبها صحيح لكن غير موجودة تمر ثم تفشل عند التنسيق أو المزود.,تحقق عبر `Intl.DateTimeFormat` أو قائمة IANA، وأرجع 400 واضحاً.,مؤكد,مصحح ومختبر,التحقق صار عبر Intl/IANA فعلي مع اختبارات مناطق صالحة وغير صالحة وDST.,tools/timezone-tests.mjs + tools/server-smoke.mjs
CAL-011,متوسط,UX التقويم,رسالة الواجهة توحي بالإرسال قبل التسليم,`calendar.js:178` يقول «تم تجهيز ... للإرسال» بينما العنصر قد يكون dev-logged/queued/retry/failed.,المستخدم يظن أن التذكير وصل فعلاً.,اعرض حالة delivery الفعلية، ولا تستخدم نجاحاً إلا بعد provider acknowledgment.,مؤكد,مصحح ومختبر,الواجهة تقول تم تجهيز التذكير للإرسال ولا تدعي أنه سُلّم قبل نتيجة مزود البريد.,tools/timezone-tests.mjs + tools/server-smoke.mjs
MAIL-001,عالٍ,البريد والمهام,عنصر البريد قد يعلق في `sending` إلى الأبد,العامل يعالج queued/retry فقط، ثم يضع sending قبل الاتصال (`server.js:1701-1710`) ولا يوجد recovery لـstale sending.,تعطل العملية بعد الحفظ يوقف الرسالة نهائياً بلا retry.,استخدم lease/visibility timeout وأعد stale sending إلى retry.,مؤكد,مصحح ومختبر,أضيف lease واسترجاع تلقائي لعناصر sending المتقادمة وdead-letter بعد الحد الأقصى.,tools/server-smoke.mjs + tools/production-hardening-tests.mjs
MAIL-002,عالٍ,البريد والمهام,إمكانية إرسال مكرر بعد crash,قد يقبل المزود الرسالة قبل حفظ status=sent؛ بعد restart قد تبقى queued/retry وتُرسل ثانية.,رسائل تحقق/فوترة/تذكير مكررة وتدهور الثقة.,مرر idempotency key ثابتاً للمزود وخزن transition داخل transactional outbox.,مؤكد,مخفف — بقي قيد معروف,أضيف idempotency header ثابت وتثبيت حالة قبل/بعد الإرسال؛ التكرار بعد crash يبقى ممكناً إذا كان المزود نفسه لا يدعم idempotency.,tools/server-smoke.mjs + tools/production-hardening-tests.mjs
MAIL-003,عالٍ,البريد والبيانات,الطابور يحذف الأقدم بصمت عند 500,"`queueMail` ينفذ `unshift` ثم `slice(0,500)` (`server.js:1667-1669`).",أثناء outage أو burst تختفي رسائل قديمة لم ترسل من دون alert أو dead-letter.,لا تقص queued items؛ طبق retention على sent فقط، واستخدم dead-letter وbackpressure.,مؤكد,مصحح ومختبر,أزيل حذف الأقدم الصامت واستُبدل backpressure وحد أقصى واضح.,tools/server-smoke.mjs + tools/production-hardening-tests.mjs
MAIL-004,متوسط,البريد والمهام,العامل داخل العملية بحد 20 كل دورة دون SLA واضح,`processMailOutbox` يتوقف بعد 20 (`server.js:1701-1704`) والدورة كل 60 ثانية.,تراكم الطابور قد يسبب تأخيراً كبيراً، خاصة بعد outage.,استخدم queue worker قابل للقياس، concurrency مضبوط، ومقاييس age/lag.,مؤكد,مخفف — بقي قيد معروف,كبرت الدفعات وأضيفت leases ومقاييس/حالات، لكن العامل ما زال داخل العملية ولا يوجد SLA queue خارجي.,tools/server-smoke.mjs + tools/production-hardening-tests.mjs
PAY-001,عالٍ,الفوترة,حساب نهاية الشهر غير صحيح عند نهايات الأشهر,`periodEndForPlan` يستخدم `setUTCMonth(+1)` (`server.js:1868-1873`)؛ مثال 31 يناير يمكن أن ينقلب إلى مارس.,فترات اشتراك وفواتير وتجديدات محلية خاطئة.,استخدم periodEnd من المزود أو calendar arithmetic مع clamp لآخر يوم صالح.,مؤكد,مصحح ومختبر,حساب الأشهر صار calendar-safe عند نهايات الشهر.,tools/server-smoke.mjs + tools/production-hardening-tests.mjs
PAY-002,عالٍ,الخصوصية والفوترة,checkout الخارجي يضع user id والبريد في query string,`server.js:2017-2023` يضيف `metadata_user_id` و`customer_email` إلى URL.,PII تتسرب إلى history، proxy/CDN logs، analytics وReferer.,أنشئ session server-to-server وأرسل browser إلى opaque URL؛ لا تضع PII في query.,مؤكد,مصحح ومختبر,checkout العام server-to-server ولا يضع user id أو البريد في query string.,tools/server-smoke.mjs + tools/production-hardening-tests.mjs
PAY-003,عالٍ,الخصوصية والفوترة,بوابة الفوترة العامة تضع user id والبريد في URL,`server.js:2051-2054`.,نفس تسريب PII وإمكانية العبث بالمعلمات عند مزود عام.,استخدم token قصير العمر server-generated أو API provider موثقة.,مؤكد,مصحح ومختبر,بوابة الفوترة لا تحمل PII داخل URL؛ الخادم ينشئ الجلسة لدى المزود.,tools/server-smoke.mjs + tools/production-hardening-tests.mjs
PAY-004,عالٍ,سلامة المعاملات,Idempotency-Key اختياري في عمليات الفوترة,`requestIdempotencyKey` يعيد فارغاً للمفتاح غير الصالح (`server.js:1907-1910`) والـrecord functions تتجاهل المفتاح الفارغ.,إعادة الطلب بسبب timeout/double-click قد تنشئ عمليات مكررة.,اجعل المفتاح إلزامياً للعمليات المالية وأرجع 428/400 عند غيابه.,مؤكد,مصحح ومختبر,Idempotency-Key إلزامي لعمليات checkout/change/cancel/portal الحساسة.,tools/server-smoke.mjs + tools/production-hardening-tests.mjs
PAY-005,عالٍ,webhooks,توقيع webhook العام بلا timestamp أو replay window,المزود غير Stripe يتحقق HMAC للجسم فقط (`server.js:3065-3068`).,طلب صحيح مسجل يمكن إعادة تشغيله لاحقاً.,ضمّن timestamp وevent id في التوقيع وارفض خارج نافذة قصيرة.,مؤكد,مصحح ومختبر,توقيع webhook العام يشمل timestamp وeventId وrawBody مع replay window.,tools/server-smoke.mjs + tools/production-hardening-tests.mjs
PAY-006,عالٍ,webhooks,حدث بلا ID يحصل على ID عشوائي ويصبح قابلاً للتكرار,الـroute يستخدم `normalized.id || ... || newId()` (`server.js:3767-3769`).,نفس webhook بلا ID يطبق مرات متعددة.,ارفض أي webhook مالي بلا event id موثوق، أو اشتق fingerprint deterministic من payload.,مؤكد,مصحح ومختبر,الأحداث بلا ID تُرفض بدلاً من إعطائها معرفاً عشوائياً.,tools/server-smoke.mjs + tools/production-hardening-tests.mjs
PAY-007,عالٍ,webhooks,منع التكرار يعتمد آخر 500 حدث فقط,"التحقق يبحث في `db.paymentEvents` ثم القائمة تقص إلى 500 (`server.js:3769,3775-3776`).",حدث قديم بعد خروجه من القائمة يمكن إعادة تطبيقه.,جدول idempotency دائم keyed بالprovider event id مع unique constraint وretention طويل.,مؤكد,مصحح ومختبر,معرفات webhook محفوظة بشكل دائم بدلاً من نافذة آخر 500 فقط.,tools/server-smoke.mjs + tools/production-hardening-tests.mjs
PAY-008,حرج,Stripe/fraud controls,منح entitlement لا يطابق price/amount/currency المتوقعة,`normalizeBillingWebhook` يقرأ metadata/amount/currency (`server.js:3092-3138`) ثم الـroute يختار الخطة من metadata/local state ويطبقها، من دون تحقق صارم من Price ID والمبلغ والعملة وحالة session مقابل إعداد الخطة.,خطأ إعداد أو event غير متوقع قد يمنح خطة مدفوعة بسعر/منتج غير صحيح.,تحقق من livemode، account، price IDs، currency، amount، payment_status، ownership، واسترجع object من Stripe عند الشك قبل منح الوصول.,مؤكد,مصحح ومختبر,لا تُمنح entitlements إلا بعد مطابقة المستخدم والخطة وprice/amount/currency وحالة الدفع.,tools/server-smoke.mjs + tools/production-hardening-tests.mjs
PAY-009,متوسط,الفوترة,حالة محلية قد تنفصل عن حالة المزود العام,مسارات تغيير/إلغاء الخطة تسجل محلياً وتنتظر portal/webhook؛ الرسائل تعترف بأن التأكيد خارجي.,المستخدم يرى حالة pending/canceling لا تعكس الواقع إذا webhook ضاع.,نفّذ reconciliation job دوري من المزود واجعل provider هو source of truth.,مؤكد,مخفف — بقي قيد معروف,قويت webhooks والتكرار والعقود، لكن لا توجد مهمة reconciliation دورية تقارن كل الاشتراكات بالمزود الخارجي.,tools/server-smoke.mjs + tools/production-hardening-tests.mjs
PAY-010,متوسط,الفوترة والعملات,الواجهة تفترض دائماً 100 وحدة صغرى,`assets/js/billing.js:12` يقسم `priceCents` على 100 مع currency متغيرة.,قد يظهر سعر خاطئ إذا اختلف exponent أو تغيرت العملة/إعداد المزود.,استخدم currency metadata/Intl.NumberFormat ووحدة صغرى موثقة لكل عملة.,مؤكد,مصحح ومختبر,الواجهة والخادم يستخدمان minorUnit للعملة؛ JOD يعامل بثلاث خانات لا قسمة ثابتة على 100.,tools/server-smoke.mjs + tools/production-hardening-tests.mjs
DATA-001,عالٍ,التخزين المحلي,فشل localStorage يحول التطبيق بصمت إلى ذاكرة مؤقتة,`assets/js/storage.js:9-12` يضع `persistent=false` ثم يكمل في Map، ولا يوجد UI يستعمل `persistent()` للتحذير.,المستخدم يظن أن البيانات محفوظة ثم تختفي عند refresh/إغلاق الصفحة.,أوقف ادعاء الحفظ، اعرض تحذيراً blocking، وقدم export/repair path.,مؤكد,مصحح ومختبر,فشل localStorage يظهر للمستخدم ولا يتحول بصمت إلى ذاكرة مؤقتة في المسارات الحرجة.,tools/data-integrity-tests.mjs + tools/server-smoke.mjs + Chromium runtime
DATA-002,متوسط,الخصوصية,بيانات الدراسة المحلية غير مشفرة,المهام والملاحظات والأخطاء والملفات تخزن plaintext في localStorage.,أي XSS أو extension أو مستخدم لنفس profile يمكنه قراءتها.,قلل البيانات الحساسة، وفر قفل/تشفير اختيارياً بمفتاح مشتق، ووضح حدود الخصوصية.,مؤكد,غير مغلق — يتطلب إعادة معمارية/قرار خارجي,بيانات المتصفح ما زالت plaintext في localStorage. تشفيرها بلا passphrase/مفتاح جهاز لا يمنع XSS؛ يحتاج WebCrypto مع سر مستخدم أو تخزين منصة آمن.,tools/data-integrity-tests.mjs + tools/server-smoke.mjs + Chromium runtime
DATA-003,عالٍ,النسخ والاستعادة,استيراد backup غير ذري ولا ينشئ restore point أولاً,`storage.js:115` يكتب كل key مباشرة؛ فشل quota/كتابة في الوسط قد يترك حالة جزئية.,تلف أو خلط بيانات من دون rollback.,تحقق كاملاً أولاً، أنشئ restore point، اكتب إلى namespace مؤقت، ثم commit/rollback.,مؤكد,مصحح ومختبر,الاستيراد ينشئ restore point، يتحقق من schema والحجم، يكتب ذرياً، يتحقق بعد الكتابة ويرجع تلقائياً عند الفشل.,tools/data-integrity-tests.mjs + tools/server-smoke.mjs + Chromium runtime
DATA-004,متوسط,النسخ والاستعادة,الاستيراد لا يفرض version/schema متوافقاً,الـsnapshot يكتب `version:v12` (`storage.js:100-105`) لكن `importBackup` يقبل object عام ولا يتحقق من version/migrations.,نسخة قديمة/جديدة قد تُقبل جزئياً وتنتج بيانات غامضة.,عرف schemaVersion مستقلاً ومهاجرات صريحة، وارفض النسخ غير المدعومة.,مؤكد,مصحح ومختبر,الاستيراد يفرض schema/version مدعومين ويرفض payload غير متوافق.,tools/data-integrity-tests.mjs + tools/server-smoke.mjs + Chromium runtime
DATA-005,عالٍ,المزامنة والاستعادة,Cloud restore يكتب localStorage مباشرة ويبتلع الفشل,`backend-client.js:220-244` يتجاوز MT_STORE، ويعمل `catch(_){/* ignore */}` لكل key ثم يعيد count.,استعادة جزئية يمكن أن تظهر كنجاح، مع فقد بيانات بعد `clearSyncData`.,نفّذ transaction محلية/مرحلة تحقق، ولا تمسح القديم قبل ضمان القدرة على كتابة الكل.,مؤكد,مصحح ومختبر,Cloud restore يمر عبر Store API مع تحقق وrollback ولا يكتب localStorage مباشرة.,tools/data-integrity-tests.mjs + tools/server-smoke.mjs + Chromium runtime
DATA-006,عالٍ,UX المزامنة,تسجيل الدخول يستبدل بيانات الجهاز افتراضياً,`pages/login.html:26` يجعل `pullData` checked، ثم `auth.js:82` ينفذ replace.,قرار تدميري هو الخيار الافتراضي؛ المستخدم قد يمحو عملاً محلياً من غير فهم كافٍ.,اجعل merge هو الافتراضي، واعرض مقارنة/preview وحجم البيانات قبل replace.,مؤكد,مصحح ومختبر,وضع تسجيل الدخول الافتراضي merge؛ replace يحتاج اختياراً وتحذيراً صريحاً.,tools/data-integrity-tests.mjs + tools/server-smoke.mjs + Chromium runtime
DATA-007,متوسط,UX الاستعادة,Restore points موجودة لكن غير قابلة للاكتشاف أو الاسترجاع من UI,`storage.js:107-112` يخزن حتى 5 نقاط، ولا يوجد استعمال آخر لـ`backup:restorePoints`.,شبكة الأمان شكلية؛ المستخدم لا يستطيع العودة منها.,أضف شاشة قائمة/معاينة/استعادة/حذف مع اختبار rollback.,مؤكد,مصحح ومختبر,أضيفت واجهة restore point مرئية وقابلة للاسترجاع.,tools/data-integrity-tests.mjs + tools/server-smoke.mjs + Chromium runtime
DATA-008,عالٍ,المزامنة,تغييرات أثناء sync قد تضيع من جدولة الرفع,`scheduleSync()` يرجع مباشرة إذا `state.syncing` (`backend-client.js:247-249`) ولا يضع dirty flag لإعادة التشغيل.,تغيير حدث بعد التقاط snapshot أثناء upload قد يبقى محلياً بلا pending marker حتى تغيير لاحق.,استخدم dirty generation counter؛ بعد انتهاء sync أعد الرفع إذا تغير generation.,مؤكد,مصحح ومختبر,أضيف sync generation/pending durable لمنع ضياع تغيير حدث أثناء الرفع.,tools/data-integrity-tests.mjs + tools/server-smoke.mjs + Chromium runtime
DATA-009,متوسط,المزامنة,التعارض لا يملك workflow حل حقيقياً,عند 409 يسجل `lastConflict` ورسالة فقط (`backend-client.js:189-194`)؛ لا توجد شاشة مقارنة حقول/نسخ.,المستخدم لا يعرف أي نسخة ستفوز وقد يلجأ إلى replace عشوائي.,قدم conflict UI، diff، اختيار local/remote/merge لكل collection.,مؤكد,مخفف — بقي قيد معروف,أضيف preview وتحذير conflict و409/CAS، لكن لا توجد واجهة merge ثلاثية الحقول لحل كل تعارض يدوياً.,tools/data-integrity-tests.mjs + tools/server-smoke.mjs + Chromium runtime
DATA-010,متوسط,المزامنة,حالة التعارض لا تتحول إلى pending durable,فرع 409 لا يستدعي `markPendingSync`; pending يستخدم فقط للأخطاء الشبكية/5xx.,قد تختفي الحاجة للتدخل من واجهات تعتمد pendingSync.,أنشئ حالة `blocked-conflict` دائمة إلى أن تحل.,مؤكد,مصحح ومختبر,حالة التعارض/pending تُحفظ وتستعاد بدلاً من البقاء في الذاكرة فقط.,tools/data-integrity-tests.mjs + tools/server-smoke.mjs + Chromium runtime
DATA-011,متوسط,المزامنة,pending sync مجرد علامة واحدة لا سجل عمليات,"`PENDING_SYNC_KEY` يخزن at/reason فقط (`backend-client.js:7,34-44`).",لا توجد معرفة بما لم يرفع، عدد التغييرات، أو إمكانية replay دقيقة.,خزن durable change journal أو على الأقل generations/checksums لكل snapshot.,مؤكد,مخفف — بقي قيد معروف,pending صار durable ويحمل generation/reason/conflict، لكنه ليس operation log كامل يعيد كل عملية منفردة.,tools/data-integrity-tests.mjs + tools/server-smoke.mjs + Chromium runtime
DATA-012,متوسط,المزامنة,دمج last-write-wins بدائي وقد يفقد تعديلات متوازية,`mergeById` يقارن timestamp واحداً ثم يدمج objects سطحياً (`backend-client.js:200-218`).,تعديل جهازين لحقول مختلفة قد يطغى أحدهما على الآخر بلا تنبيه.,استخدم version vectors/field-level merge أو اعتبره conflict صريحاً.,مؤكد,مخفف — بقي قيد معروف,CAS يمنع الكتابة العمياء وmerge يحافظ على الأحدث، لكن last-write-wins على مستوى السجلات لا يحل التعديلات المتوازية داخل العنصر نفسه.,tools/data-integrity-tests.mjs + tools/server-smoke.mjs + Chromium runtime
DATA-013,منخفض,إدارة النسخ,تسميات الإصدارات متضاربة,"app v16، storage prefix/backup v12 (`storage.js:3,100,114`)، DB schema رقم آخر.",يصعب فهم التوافق والمهاجرات والدعم.,"افصل `appVersion`, `storageSchemaVersion`, `dbSchemaVersion` بأسماء واضحة.",مؤكد,مصحح ومختبر,وُحد schema/version المستخدم في التخزين والمزامنة إلى v13 مع قبول ترقية مضبوط.,tools/data-integrity-tests.mjs + tools/server-smoke.mjs + Chromium runtime
LEGAL-001,عالٍ,الامتثال,صفحة القانون تعترف بأن هوية المشغل والضرائب والاختصاص غير مكتملة,"`pages/legal.html:20,41` يطلب إضافة الاسم القانوني والعنوان والضرائب والقانون المختص قبل البيع.",إطلاق مدفوع بهذه الحالة مخاطرة تعاقدية/ضريبية واضحة.,لا تطلق البيع قبل تعبئة بيانات الكيان والسياسات الفعلية ومراجعة قانونية محلية.,مؤكد,مخفف — بقي قيد معروف,الفوترة fail-closed وتبقى مقفلة حتى إدخال اسم وعنوان واختصاص ومعرف ضريبي وبريد قانوني. البيانات الفعلية لم تُخترع ويجب أن يملأها المالك.,tools/server-smoke.mjs + /api/legal/config + assets/js/legal.js
LEGAL-002,متوسط,الامتثال,سياسة الاسترداد والمهلة غير محسومة,`pages/legal.html:36` يقول إن السياسة «يجب أن تظهر قبل البيع».,نزاعات دفع وشكاوى وعدم وضوح للمستخدم.,حدد السياسة والمهل والضرائب قبل تفعيل checkout.,مؤكد,مصحح ومختبر,أصبحت نافذة الاسترداد ونسخة السياسة حقول إعداد إلزامية، وتعرض الصفحة المدة والنسخة من الخادم.,tools/server-smoke.mjs + /api/legal/config + assets/js/legal.js
LEGAL-003,عالٍ,الامتثال والمستخدمون القاصرون,العمر يعتمد self-attestation فقط,signup يطلب checkbox 13+؛ لا يوجد parental consent workflow أو معالجة حسب البلد.,قد لا يكفي للسوق/نوع البيانات، خصوصاً أن المنتج موجه للطلاب.,حدد السوق قانونياً، قلل بيانات القاصرين، وأضف مسار موافقة ولي أمر حيث يلزم. لا تعتبر هذا بديلاً عن استشارة قانونية.,مؤكد,غير مغلق — يتطلب إعادة معمارية/قرار خارجي,ما زال العمر self-attestation. التحقق الأبوي/الهوية قرار قانوني ومنتجي يتطلب مزوداً وسياسة بلد، ولا يمكن اختلاقه داخل الكود.,tools/server-smoke.mjs + /api/legal/config + assets/js/legal.js
LEGAL-004,عالٍ,الموافقة القانونية,لا توجد إعادة موافقة عند تغيير النسخة القانونية,"الخادم يخزن `legalVersion` عند التسجيل (`server.js:24,3268`) لكنه لا يفرض re-consent؛ local key مجرد boolean/date (`onboarding-gate.js:2-5`).",مستخدم قد يستمر تحت شروط جديدة من دون قبول موثق.,خزن acceptedLegalVersion/acceptedAt، قارنها بالنسخة الحالية، وامنع الاستخدام الحساس حتى إعادة القبول.,مؤكد,مصحح ومختبر,نسخة قانونية versioned وتُحجب الميزات الحساسة عند قدم الموافقة حتى إعادة القبول.,tools/server-smoke.mjs + /api/legal/config + assets/js/legal.js
LEGAL-005,متوسط,الموافقة القانونية,الموافقة المحلية تسجل قبل نجاح إنشاء الحساب,`assets/js/auth.js:105-107` يستدعي onboarding.accept قبل await signup.,فشل التسجيل يترك الجهاز وكأنه وافق/أكمل onboarding.,انقل التسجيل المحلي بعد نجاح الخادم، وسجل النسخة لا boolean فقط.,مؤكد,مصحح ومختبر,لا تُسجل الموافقة المحلية إلا بعد نجاح إنشاء الحساب/الموافقة الخادمية.,tools/server-smoke.mjs + /api/legal/config + assets/js/legal.js
UX-001,عالٍ,هندسة المنتج,تضخم النطاق: 28 صفحة ومسارات أدوات متداخلة,المشروع يحتوي 1 صفحة رئيسية + 27 صفحة داخل `pages/`، مع workspace/notebook/flashcards/mindmaps/advisor/study وغيرها.,المنتج الذي يعد بتقليل الفوضى يعيد إنتاجها عبر كثرة الوجهات والنماذج الذهنية.,حدد 3-5 رحلات أساسية، ادمج الأدوات الثانوية داخل workspace، وأخفِ الميزات غير الناضجة.,مؤكد,غير مغلق — يتطلب إعادة معمارية/قرار خارجي,بقيت 28 صفحة. جرى تقليل dead ends، لكن تقليص نطاق المنتج ودمج الأدوات قرار منتج كبير وليس إصلاحاً آمناً تلقائياً.,tools/frontend-functional-runtime.mjs + tools/performance-budget.mjs + tools/check.mjs
UX-002,متوسط,هندسة المعلومات,صفحة study مسار legacy/dead-end,`pages/study.html` عنوانها «الدراسة لم تعد صفحة منفصلة» لكنها ما زالت صفحة كاملة في التنقل/المنتج.,وجهة غير ضرورية وتشتت وربما SEO/analytics مزدوج.,حوّلها redirect واضحاً أو احذفها بعد migration.,مؤكد,مصحح ومختبر,study.html صار redirect حقيقياً إلى workspace بدلاً من مسار ميت.,tools/frontend-functional-runtime.mjs + tools/performance-budget.mjs + tools/check.mjs
UX-003,عالٍ,التنقل,تكرار طبقات التنقل والتحكم,Header + hamburger + mobile dock + study context rail + command center + page compass + quick capture + reading progress. القياس وجد 5-7 عناصر fixed/sticky بالصفحة.,ازدحام بصري، منافسة على مساحة الهاتف، وزيادة الحمل المعرفي.,اختر نظام تنقل أساسي واحد على الهاتف، واجعل البقية contextual/on-demand.,مؤكد,مخفف — بقي قيد معروف,خففت الطبقات الثابتة على الهاتف وأخفيت الثانوية، لكن بنية التنقل المتعددة ما زالت موجودة على desktop.,tools/frontend-functional-runtime.mjs + tools/performance-budget.mjs + tools/check.mjs
UX-004,متوسط,واجهة الهاتف,عدد كبير من العناصر الثابتة على كل صفحة,تدقيق CDP: كل صفحات الهاتف 5-6 عناصر fixed/sticky، وworkspace desktop وصل 7. الدليل `/mnt/data/bawsala-cdp-audit.json`.,مساحة محتوى أقل واحتمال تداخل مع لوحة المفاتيح/الـsafe area.,قلل chrome الثابت، واختبر keyboard/zoom/safe-area على أجهزة فعلية.,مؤكد,مصحح ومختبر,الطبقات العائمة الثانوية تُخفى على الشاشات الصغيرة وتقل fixed/sticky overlays.,tools/frontend-functional-runtime.mjs + tools/performance-budget.mjs + tools/check.mjs
A11Y-001,عالٍ,إتاحة وتجربة لمس,أهداف لمس كثيرة أصغر من 44×44,القياس: theme/menu 38×38، study rail 34×34، وعدة روابط/أزرار 24-34px. كل صفحة هاتف سجلت 17-23 هدفاً صغيراً.,أخطاء نقر وصعوبة للمستخدمين ذوي الحركة المحدودة.,ارفع الحد الأدنى 44×44 CSS px مع مسافة كافية.,مؤكد,مصحح ومختبر,رفعت أحجام أهداف التفاعل إلى 44px وفحص Chromium يتحقق من عدم وجود أهداف صغيرة في المسارات الحرجة.,tools/frontend-functional-runtime.mjs + tools/performance-budget.mjs + tools/check.mjs
UX-005,عالٍ,طول المحتوى,"صفحة المصادر بطول 18,932px على 390px",قياس runtime على `pages/resources.html`.,التصفية لا تعالج كلفة المسح والتمرير؛ الوصول للمصدر المناسب مرهق.,قسم النتائج، أضف counts وsorting وفئات قابلة للطي أو pagination/virtualization وصفحات تفاصيل.,مؤكد,مصحح ومختبر,المصادر أصبحت paginated ولا تُرسم القائمة كاملة دفعة واحدة.,tools/frontend-functional-runtime.mjs + tools/performance-budget.mjs + tools/check.mjs
UX-006,متوسط,طول المحتوى,"صفحة calculators بطول 10,510px على الهاتف",قياس runtime.,تكديس أدوات كثيرة في صفحة واحدة يضعف العثور والاستخدام.,استخدم index مختصر، tabs/accordion حقيقي، وتحميل الأداة عند الطلب.,مؤكد,مصحح ومختبر,الحاسبات تعرض أداة واحدة نشطة بدلاً من كل الأدوات عمودياً.,tools/frontend-functional-runtime.mjs + tools/performance-budget.mjs + tools/check.mjs
UX-007,عالٍ,طول المحتوى,"Dashboard بطول 9,221px على الهاتف و5,705px على desktop",قياس runtime.,لوحة القيادة لا تعود لوحة؛ تتحول إلى feed طويل يصعب تحديد الأولوية فيه.,اجعل above-the-fold يحوي المهمة التالية و3 مؤشرات فقط، وانقل التفاصيل لتقارير.,مؤكد,مخفف — بقي قيد معروف,خف الحمل وبعض الطبقات، لكن Dashboard ما زالت صفحة طويلة وتحتاج إعادة تصميم معلوماتي لا مجرد CSS.,tools/frontend-functional-runtime.mjs + tools/performance-budget.mjs + tools/check.mjs
UX-008,متوسط,طول المحتوى,الرئيسية وlegal/workspace طويلة بشكل مفرط,"الهاتف: home 8,245px، legal 7,578px، workspace 6,563px.",ضعف scanability وانخفاض إكمال الرحلات.,اختصر النص، استخدم progressive disclosure، وروابط أقسام واضحة.,مؤكد,مخفف — بقي قيد معروف,أضيفت خريطة أقسام وتخفيف طبقات، لكن legal/workspace والرئيسية ما زالت طويلة نسبياً.,tools/frontend-functional-runtime.mjs + tools/performance-budget.mjs + tools/check.mjs
A11Y-002,متوسط,الدلالات,تسلسل العناوين يقفز من H1 إلى H3,رصد في `pages/resources.html` و`pages/study.html`.,قارئات الشاشة تفهم بنية غير متماسكة.,أعد hierarchy إلى H1→H2→H3.,مؤكد,مصحح ومختبر,أضيفت عناوين مفقودة وصحح التسلسل في الصفحات المفحوصة.,tools/frontend-functional-runtime.mjs + tools/performance-budget.mjs + tools/check.mjs
UX-009,متوسط,الاتساق اللغوي,خلط العربية والإنجليزية داخل نفس الرحلة,أمثلة: FLOW/MISSION/FOCUS/ERRORS/REPORT/HW وFeature gates وFree/Plus/Best value.,يرفع كلفة الفهم ويجعل المنتج يبدو غير مكتمل التعريب.,اعتمد قاموس مصطلحات وlocale واحداً افتراضياً، مع تبديل كامل لا خليط.,مؤكد,مخفف — بقي قيد معروف,تحسنت النصوص الحرجة، لكن المنتج ما زال يمزج مصطلحات عربية وإنجليزية في أجزاء متعددة.,tools/frontend-functional-runtime.mjs + tools/performance-budget.mjs + tools/check.mjs
UI-001,متوسط,التصميم البصري,اعتماد مفرط على cards يضعف الهرمية,معظم الأقسام والفرعية معروضة داخل بطاقات متشابهة وحدود كثيرة.,كل شيء يبدو بنفس الأهمية؛ المستخدم لا يعرف أين يبدأ.,استخدم مساحات بيضاء وعناوين ومسارات واضحة، واحتفظ بالبطاقات للوحدات التفاعلية فقط.,مؤكد,مخفف — بقي قيد معروف,تحسنت الهرمية في الصفحات الحرجة، لكن نمط card-heavy ما زال جزءاً من design system.,tools/frontend-functional-runtime.mjs + tools/performance-budget.mjs + tools/check.mjs
A11Y-003,متوسط,الحوارات,حوارات مخصصة عديدة بدل `<dialog>` أو مكتبة focus موحدة,CSS يعرف confirm/command/quick-capture/preferences/page-compass كطبقات fixed مخصصة (`app.css:170`).,خطر focus trap، restore focus، inert background وEscape غير المتسق.,وحد modal primitive واحداً واختبر keyboard/screen reader آلياً ويدوياً.,مؤكد,غير مغلق — يتطلب إعادة معمارية/قرار خارجي,الحوار المخصص ما زال مستخدماً. إغلاق البند يحتاج مكوّن dialog موحد مع focus trap/restore واختبارات لوحة مفاتيح.,tools/frontend-functional-runtime.mjs + tools/performance-budget.mjs + tools/check.mjs
PERF-001,متوسط,الأداء الرسومي,استخدام واسع لـbackdrop-filter وعناصر ثابتة,`app.css` يستخدم blur في header/drawer/modals/mobile dock/study rail.,على هواتف ضعيفة قد يرفع GPU cost والبطارية ويؤثر التمرير.,قلل blur، استخدم solid fallback، واختبر على أجهزة Android منخفضة.,مؤكد,مخفف — بقي قيد معروف,عُطل backdrop-filter وأُخفيت طبقات ثابتة ثانوية على الهاتف؛ الكلفة على desktop ما زالت موجودة جزئياً.,tools/frontend-functional-runtime.mjs + tools/performance-budget.mjs + tools/check.mjs
PERF-002,عالٍ,أداء التحميل,كل صفحة تحمل حزماً مشتركة ثقيلة,"build manifest: core 47,829B gzip + enhancements 30,658B + CSS 11,305B؛ نحو 89.8KB gzip قبل كود الصفحة/HTML.",حتى login/legal/static pages تحمل منطقاً لا تحتاجه.,قسّم bundle حسب route/feature واستخدم modules وdynamic import.,مؤكد,مخفف — بقي قيد معروف,الحزم ضمن budget، لكن core/enhancements مشتركة وكبيرة على كل الصفحات ولم يحصل code splitting.,tools/frontend-functional-runtime.mjs + tools/performance-budget.mjs + tools/check.mjs
PERF-003,عالٍ,أداء التحميل,حمولة المسارات الحرجة مرتفعة قبل الصور/API,الحساب المحلي: workspace ~119KB gzip، dashboard ~100KB، calendar ~98KB، login ~96KB.,تباطؤ parse/execute على الهاتف حتى لو النقل مضغوط.,ضع route budgets وقلل shared code، ثم قس Lighthouse/WebPageTest على شبكة بطيئة.,مؤكد,مخفف — بقي قيد معروف,أثقل مسار الآن 121KB gzip ضمن حد 140KB، لكن المسارات الحرجة لا تزال أثقل من تطبيق مبسط ومجزأ.,tools/frontend-functional-runtime.mjs + tools/performance-budget.mjs + tools/check.mjs
PERF-004,متوسط,نظام البناء,البناء مجرد concatenation,`tools/build-assets.mjs:22-24` يربط الملفات مع comments وفواصل.,لا minification ولا dead-code elimination ولا tree-shaking ولا chunk graph.,استخدم bundler حديثاً مع ESM، minification، code splitting وcontent hashes.,مؤكد,غير مغلق — يتطلب إعادة معمارية/قرار خارجي,البناء حتمي ويولد Brotli/Gzip وmanifest، لكنه ما زال bundling بسيطاً بلا tree-shaking/code splitting/minification حقيقي.,tools/frontend-functional-runtime.mjs + tools/performance-budget.mjs + tools/check.mjs
PERF-005,منخفض,التشخيص,لا توجد source maps,لم توجد ملفات `.map` أو إعداد توليدها.,تشخيص أخطاء production أصعب.,ولد hidden source maps وارفعها لمنصة الرصد فقط.,مؤكد,غير مغلق — يتطلب إعادة معمارية/قرار خارجي,لا توجد source maps. إضافتها تتطلب bundler فعلي وسياسة عدم نشر المصادر الحساسة.,tools/frontend-functional-runtime.mjs + tools/performance-budget.mjs + tools/check.mjs
SEO-001,متوسط,SEO,كل صفحات HTML الـ28 بلا canonical,"فحص static وجد 28/28 بلا `<link rel=""canonical"">`.",احتمال duplicate URLs عبر query/version/path variations، خصوصاً الصفحات العامة.,أضف canonical للصفحات indexable السبع على الأقل؛ noindex pages يمكن تركها بلا canonical حسب الاستراتيجية.,مؤكد,مصحح ومختبر,أضيف canonical لكل صفحات HTML العامة.,tools/frontend-functional-runtime.mjs + tools/performance-budget.mjs + tools/check.mjs
PWA-001,متوسط,PWA/offline,الـprecache يغطي الرئيسية وworkspace وdashboard فقط,`service-worker.js:4-17` لا يضم معظم أدوات الدراسة.,الرسالة local-first/offline لا تتحقق عند فتح أداة لم تزرها سابقاً.,حدد offline scope صريحاً أو precache shell/chunks اللازمة للرحلات الأساسية.,مؤكد,مصحح ومختبر,وُسعت قائمة precache للمسارات والأدوات الأساسية مع فصل الصفحات الخاصة.,tools/frontend-functional-runtime.mjs + tools/performance-budget.mjs + tools/check.mjs
PWA-002,منخفض,PWA,تثبيت Service Worker هش بسبب cache.addAll,`service-worker.js:21-25` يفشل install كله إذا فشل asset واحد.,تحديث واحد ناقص يمنع النسخة الجديدة كاملة.,استخدم تحقق manifest وfallback أو cache assets مع معالجة أخطاء محسوبة.,مؤكد,مصحح ومختبر,install يستخدم Promise.allSettled وfetch+cache، ولا ينهار بسبب أصل ثانوي واحد.,tools/frontend-functional-runtime.mjs + tools/performance-budget.mjs + tools/check.mjs
PWA-003,منخفض,PWA,Manifest بلا screenshots,`manifest.webmanifest` لا يحوي screenshots.,جودة تجربة التثبيت واكتشاف التطبيق أقل على المنصات الداعمة.,أضف screenshots موثقة بأحجام wide/narrow.,مؤكد,مصحح ومختبر,أضيفت screenshots عريضة وضيقة إلى manifest.,tools/frontend-functional-runtime.mjs + tools/performance-budget.mjs + tools/check.mjs
UX-010,متوسط,الشفافية,حالة الحفظ المحلي لا تحذر عند التحول للذاكرة,رغم أن `MT_STORE.persistent()` متاح، لم يوجد استعمال UI له.,واجهة «محفوظ» قد تكون كاذبة.,اربط شارة الحفظ بالحالة الفعلية واجعل الفشل ظاهراً فوراً.,مؤكد,مصحح ومختبر,أصبحت حالة التخزين/التحول للذاكرة تحذر المستخدم بدلاً من الصمت.,tools/frontend-functional-runtime.mjs + tools/performance-budget.mjs + tools/check.mjs
UX-011,متوسط,المزامنة,لا توجد معاينة قبل replace/merge,تدفق login ينفذ pull بعد checkbox فقط، من دون counts أو diff مسبق.,قرار عالي الأثر بلا معلومات كافية.,اعرض local/remote timestamps وcounts وpreview قبل التنفيذ.,مؤكد,مصحح ومختبر,أضيف preview قبل merge/replace وrestore point قبل الاستبدال.,tools/frontend-functional-runtime.mjs + tools/performance-budget.mjs + tools/check.mjs
UX-012,متوسط,الإدارة,واجهة الإدارة تخلط تسميات عربية وإنجليزية,أمثلة Student/Support/Admin وPaid/Free وEnglish name.,تجربة غير متماسكة ومربكة للمشغل العربي.,أكمل i18n للوحة الإدارة أو اختر لغة تشغيل واحدة.,مؤكد,مخفف — بقي قيد معروف,عُربت/وضحت أجزاء، لكن لوحة الإدارة ما زالت تستخدم مصطلحات تشغيلية إنجليزية مثل Production Pulse وSLO.,tools/frontend-functional-runtime.mjs + tools/performance-budget.mjs + tools/check.mjs
